{"cameraMode":{"drawMode":0,"name":"Shaded","section":"Shading Mode"},"sceneLighting":false,"audioPlay":false,"sceneViewState":{"m_AlwaysRefresh":false,"showFog":true,"showSkybox":false,"showFlares":true,"showImageEffects":true,"showParticleSystems":true,"showVisualEffectGraphs":true,"m_FxEnabled":true},"in2DMode":false,"pivot":{"x":0.2896498441696167,"y":-0.007659196853637695,"z":-0.44386979937553408},"rotation":{"x":0.09148237109184265,"y":0.6728529930114746,"z":-0.08442988246679306,"w":0.7292711734771729},"size":0.3836917579174042,"orthographic":false}